{
	"Input Weight 0": -11.485386489614472,
	"Input Weight 1": -12.23461590586566,
	"Input Weight 2": -0.25206762552261353,
	"Input Weight 3": -39.57823607250031,
	"Input Weight 4": -39.809296138129724,
	"Input Weight 5": -0.25041963160037994,
	"Input Weight 6": 0.32830286026000977,
	"Input Weight 7": 0.051835715770721436,
	"Input Weight 8": 0.230307936668396,
	"Hidden Weight 0": -2.3570717682396487,
	"Hidden Weight 1": -2.24432290670206,
	"Hidden Weight 2": -2.8740733664467815,
	"Hidden Weight 3": -2.5833963955610066,
	"Hidden Weight 4": 0.65321422845595734,
	"Hidden Weight 5": -2.2335769199240403
}