{
	"Input Weight 0": -0.36075097290021146,
	"Input Weight 1": -0.29721146789532871,
	"Input Weight 2": -0.14348277449607849,
	"Input Weight 3": -2.3590550030372937,
	"Input Weight 4": -2.5569776279673686,
	"Input Weight 5": -0.23653370141983032,
	"Input Weight 6": -0.27687917649745941,
	"Input Weight 7": -0.014786213636398315,
	"Input Weight 8": 0.29488509893417358,
	"Hidden Weight 0": 0.24717365330176752,
	"Hidden Weight 1": -1.6281269232925344,
	"Hidden Weight 2": 0.56246423356654529,
	"Hidden Weight 3": -1.3947101105081958,
	"Hidden Weight 4": -0.56486713339816208,
	"Hidden Weight 5": -2.2636608152515887
}