{
	"Input Weight 0": -11.485386489614472,
	"Input Weight 1": -12.23461590586566,
	"Input Weight 2": -0.25206762552261353,
	"Input Weight 3": -39.578235968125384,
	"Input Weight 4": -39.809296021323277,
	"Input Weight 5": -0.25041963160037994,
	"Input Weight 6": 0.32830286026000977,
	"Input Weight 7": 0.051835715770721436,
	"Input Weight 8": 0.230307936668396,
	"Hidden Weight 0": -0.43629191168677006,
	"Hidden Weight 1": -2.5098046467765855,
	"Hidden Weight 2": -0.9617881044626434,
	"Hidden Weight 3": -2.8594694422796905,
	"Hidden Weight 4": 2.5424211237405538,
	"Hidden Weight 5": -2.9183947548291052
}