{
	"Input Weight 0": -4.2914748183974245,
	"Input Weight 1": -3.9740518323668379,
	"Input Weight 2": -0.096667379140853882,
	"Input Weight 3": -5.3813591418033795,
	"Input Weight 4": -6.3288845717950437,
	"Input Weight 5": -0.40182195603847504,
	"Input Weight 6": -0.19396039843559265,
	"Input Weight 7": 0.44708091020584106,
	"Input Weight 8": 0.36245310306549072,
	"Hidden Weight 0": -2.1287890346952021,
	"Hidden Weight 1": 0.38178218906524236,
	"Hidden Weight 2": 0.59181782229998614,
	"Hidden Weight 3": -2.049050736779336,
	"Hidden Weight 4": -0.40261906937913927,
	"Hidden Weight 5": -0.82433816457878428
}